-- phpMyAdmin SQL Dump
-- version 4.6.5.2
-- https://www.phpmyadmin.net/
--
-- Host: 127.0.0.1
-- Generation Time: Sep 10, 2017 at 07:36 PM
-- Server version: 10.1.21-MariaDB
-- PHP Version: 7.1.1

SET SQL_MODE = "NO_AUTO_VALUE_ON_ZERO";
SET time_zone = "+00:00";


/*!40101 SET @OLD_CHARACTER_SET_CLIENT=@@CHARACTER_SET_CLIENT */;
/*!40101 SET @OLD_CHARACTER_SET_RESULTS=@@CHARACTER_SET_RESULTS */;
/*!40101 SET @OLD_COLLATION_CONNECTION=@@COLLATION_CONNECTION */;
/*!40101 SET NAMES utf8mb4 */;

--
-- Database: `test`
--

-- --------------------------------------------------------

--
-- Table structure for table `galleries`
--

CREATE TABLE `galleries` (
  `id` int(10) UNSIGNED NOT NULL,
  `name` varchar(255) COLLATE utf8_unicode_ci NOT NULL,
  `description` text COLLATE utf8_unicode_ci,
  `header_image_url` varchar(255) COLLATE utf8_unicode_ci DEFAULT NULL,
  `created_at` timestamp NULL DEFAULT NULL,
  `updated_at` timestamp NULL DEFAULT NULL
) ENGINE=InnoDB DEFAULT CHARSET=utf8 COLLATE=utf8_unicode_ci;

--
-- Dumping data for table `galleries`
--

INSERT INTO `galleries` (`id`, `name`, `description`, `header_image_url`, `created_at`, `updated_at`) VALUES
(1, 'Abstract', 'Lorem ipsum dolor sit amet, consectetur adipis cing elit. In pulvinar on ante vitae semper. Vivamus ut orci at ante ullamcorper ali quam et a urna placerat.', '/images/gallery-abstract.jpg', '2017-06-26 23:17:57', '2017-06-26 23:17:57'),
(2, 'Aircraft', 'Lorem ipsum dolor sit amet, consectetur adipis cing elit. In pulvinar on ante vitae semper. Vivamus ut orci at ante ullamcorper ali quam et a urna placerat.', '/images/gallery-aircraft.jpg', '2017-06-26 23:17:57', '2017-06-26 23:17:57'),
(3, 'Animals', 'Lorem ipsum dolor sit amet, consectetur adipis cing elit. In pulvinar on ante vitae semper. Vivamus ut orci at ante ullamcorper ali quam et a urna placerat.', '/images/gallery-animals.jpg', '2017-06-26 23:17:57', '2017-06-26 23:17:57'),
(4, 'Anime', 'Lorem ipsum dolor sit amet, consectetur adipis cing elit. In pulvinar on ante vitae semper. Vivamus ut orci at ante ullamcorper ali quam et a urna placerat.', '/images/gallery-anime.jpg', '2017-06-26 23:17:57', '2017-06-26 23:17:57'),
(5, 'Architecture', 'Lorem ipsum dolor sit amet, consectetur adipis cing elit. In pulvinar on ante vitae semper. Vivamus ut orci at ante ullamcorper ali quam et a urna placerat.', '/images/gallery-architecture.jpg', '2017-06-26 23:17:57', '2017-06-26 23:17:57'),
(6, 'Boats', 'Lorem ipsum dolor sit amet, consectetur adipis cing elit. In pulvinar on ante vitae semper. Vivamus ut orci at ante ullamcorper ali quam et a urna placerat.', '/images/gallery-boats.jpg', '2017-06-26 23:17:57', '2017-06-26 23:17:57'),
(7, 'Cars', 'Lorem ipsum dolor sit amet, consectetur adipis cing elit. In pulvinar on ante vitae semper. Vivamus ut orci at ante ullamcorper ali quam et a urna placerat.', '/images/gallery-cars.jpg', '2017-06-26 23:17:57', '2017-06-26 23:17:57'),
(8, 'Entertainment', 'Lorem ipsum dolor sit amet, consectetur adipis cing elit. In pulvinar on ante vitae semper. Vivamus ut orci at ante ullamcorper ali quam et a urna placerat.', '/images/gallery-entertainment.jpg', '2017-06-26 23:17:57', '2017-06-26 23:17:57'),
(9, 'Motorcycles', 'Lorem ipsum dolor sit amet, consectetur adipis cing elit. In pulvinar on ante vitae semper. Vivamus ut orci at ante ullamcorper ali quam et a urna placerat.', '/images/gallery-motorcycles.jpg', '2017-06-26 23:17:57', '2017-06-26 23:17:57'),
(10, 'Nature', 'Lorem ipsum dolor sit amet, consectetur adipis cing elit. In pulvinar on ante vitae semper. Vivamus ut orci at ante ullamcorper ali quam et a urna placerat.', '/images/gallery-nature.jpg', '2017-06-26 23:17:58', '2017-06-26 23:17:58'),
(11, 'People', 'Lorem ipsum dolor sit amet, consectetur adipis cing elit. In pulvinar on ante vitae semper. Vivamus ut orci at ante ullamcorper ali quam et a urna placerat.', '/images/gallery-people.jpg', '2017-06-26 23:17:58', '2017-06-26 23:17:58'),
(12, 'Space', 'Lorem ipsum dolor sit amet, consectetur adipis cing elit. In pulvinar on ante vitae semper. Vivamus ut orci at ante ullamcorper ali quam et a urna placerat.', '/images/gallery-space.jpg', '2017-06-26 23:17:58', '2017-06-26 23:17:58'),
(13, 'Sports', 'Lorem ipsum dolor sit amet, consectetur adipis cing elit. In pulvinar on ante vitae semper. Vivamus ut orci at ante ullamcorper ali quam et a urna placerat.', '/images/gallery-sports.jpg', '2017-06-26 23:17:58', '2017-06-26 23:17:58'),
(14, 'Technology', 'Lorem ipsum dolor sit amet, consectetur adipis cing elit. In pulvinar on ante vitae semper. Vivamus ut orci at ante ullamcorper ali quam et a urna placerat.', '/images/gallery-technology.jpg', '2017-06-26 23:17:58', '2017-06-26 23:17:58'),
(15, 'Video Games', 'Lorem ipsum dolor sit amet, consectetur adipis cing elit. In pulvinar on ante vitae semper. Vivamus ut orci at ante ullamcorper ali quam et a urna placerat.', '/images/gallery-videogames.jpg', '2017-06-26 23:17:58', '2017-06-26 23:17:58');

-- --------------------------------------------------------

--
-- Table structure for table `gallery_groups`
--

CREATE TABLE `gallery_groups` (
  `id` int(10) UNSIGNED NOT NULL,
  `gallery_id` int(10) UNSIGNED NOT NULL,
  `group_id` int(10) UNSIGNED NOT NULL
) ENGINE=InnoDB DEFAULT CHARSET=utf8 COLLATE=utf8_unicode_ci;

--
-- Dumping data for table `gallery_groups`
--

INSERT INTO `gallery_groups` (`id`, `gallery_id`, `group_id`) VALUES
(1, 1, 1),
(2, 2, 2),
(3, 1, 5),
(4, 1, 9),
(5, 2, 8),
(6, 2, 10),
(7, 3, 2),
(8, 2, 1),
(9, 3, 2),
(10, 3, 5),
(11, 3, 6),
(12, 4, 1),
(13, 4, 2),
(14, 4, 3),
(15, 4, 7),
(16, 5, 3),
(17, 6, 2),
(18, 6, 4),
(19, 6, 5),
(20, 6, 6),
(21, 6, 7),
(22, 6, 8),
(23, 6, 9),
(24, 6, 10),
(25, 7, 4),
(26, 7, 5),
(27, 7, 1),
(28, 7, 2),
(29, 7, 3),
(30, 7, 6),
(31, 7, 7),
(32, 7, 8),
(33, 7, 9),
(34, 7, 10),
(35, 12, 6),
(36, 13, 3),
(37, 14, 1),
(38, 14, 7),
(39, 15, 4),
(40, 15, 10);

-- --------------------------------------------------------

--
-- Table structure for table `groups`
--

CREATE TABLE `groups` (
  `id` int(10) UNSIGNED NOT NULL,
  `name` varchar(255) NOT NULL,
  `status` varchar(255) NOT NULL DEFAULT 'inactive',
  `header_image_url` varchar(255) DEFAULT NULL,
  `description` text,
  `owner_id` int(10) UNSIGNED DEFAULT NULL,
  `primary_image_id` int(10) UNSIGNED DEFAULT NULL,
  `image_count` int(10) UNSIGNED NOT NULL DEFAULT '0',
  `created_at` timestamp NOT NULL DEFAULT CURRENT_TIMESTAMP ON UPDATE CURRENT_TIMESTAMP,
  `updated_at` timestamp NOT NULL DEFAULT '0000-00-00 00:00:00',
  `gallery_id` int(10) UNSIGNED DEFAULT NULL
) ENGINE=InnoDB DEFAULT CHARSET=latin1;

--
-- Dumping data for table `groups`
--

INSERT INTO `groups` (`id`, `name`, `status`, `header_image_url`, `description`, `owner_id`, `primary_image_id`, `image_count`, `created_at`, `updated_at`, `gallery_id`) VALUES
(1, 'Beaches', 'active', NULL, NULL, NULL, NULL, 0, '2017-09-07 13:21:53', '0000-00-00 00:00:00', 1),
(2, 'Summer', 'active', NULL, NULL, NULL, NULL, 0, '2017-09-07 13:21:53', '0000-00-00 00:00:00', 2),
(3, 'Brown', 'active', NULL, NULL, NULL, NULL, 0, '2017-09-07 14:20:08', '0000-00-00 00:00:00', 3),
(4, 'Collages', 'active', NULL, NULL, NULL, 0, 0, '2017-09-07 14:20:25', '0000-00-00 00:00:00', 1),
(5, 'Fantasy', 'active', '', NULL, NULL, NULL, 0, '2017-09-07 14:20:34', '0000-00-00 00:00:00', 2),
(6, 'Fireworks', 'active', NULL, NULL, NULL, NULL, 0, '2017-09-07 13:55:12', '0000-00-00 00:00:00', NULL),
(7, 'Graffiti', 'active', NULL, NULL, NULL, NULL, 0, '2017-09-07 14:20:41', '0000-00-00 00:00:00', 3),
(8, 'Mind Teasers', 'active', NULL, NULL, NULL, NULL, 0, '2017-09-07 14:20:47', '0000-00-00 00:00:00', 1),
(9, 'Photography', 'active', NULL, NULL, NULL, NULL, 0, '2017-09-09 13:37:55', '0000-00-00 00:00:00', 2),
(10, 'Textures', 'active', NULL, NULL, NULL, NULL, 0, '2017-09-09 13:37:59', '0000-00-00 00:00:00', 3);

-- --------------------------------------------------------

--
-- Table structure for table `group_follows`
--

CREATE TABLE `group_follows` (
  `id` int(10) UNSIGNED NOT NULL,
  `group_id` int(10) UNSIGNED NOT NULL,
  `follower_id` int(10) UNSIGNED NOT NULL
) ENGINE=InnoDB DEFAULT CHARSET=utf8 COLLATE=utf8_unicode_ci;

--
-- Dumping data for table `group_follows`
--

INSERT INTO `group_follows` (`id`, `group_id`, `follower_id`) VALUES
(3, 3, 172),
(4, 4, 172),
(5, 5, 172),
(6, 1, 169);

-- --------------------------------------------------------

--
-- Table structure for table `group_image`
--

CREATE TABLE `group_image` (
  `id` int(10) UNSIGNED NOT NULL,
  `group_id` varchar(255) NOT NULL,
  `image_id` int(10) UNSIGNED NOT NULL,
  `created_at` timestamp NOT NULL DEFAULT CURRENT_TIMESTAMP ON UPDATE CURRENT_TIMESTAMP,
  `updated_at` timestamp NOT NULL DEFAULT '0000-00-00 00:00:00'
) ENGINE=InnoDB DEFAULT CHARSET=latin1;

--
-- Dumping data for table `group_image`
--

INSERT INTO `group_image` (`id`, `group_id`, `image_id`, `created_at`, `updated_at`) VALUES
(1, 'Beaches', 113, '2017-08-10 01:56:42', '2017-08-10 01:56:42'),
(2, 'Summer', 113, '2017-08-10 01:56:42', '2017-08-10 01:56:42'),
(3, 'Brown', 169, '2017-08-20 16:51:24', '2017-08-20 16:51:24'),
(4, 'Beaches', 175, '2017-09-08 01:06:37', '2017-09-08 01:06:37'),
(5, 'Summer', 175, '2017-09-08 01:06:37', '2017-09-08 01:06:37');

-- --------------------------------------------------------

--
-- Table structure for table `images`
--

CREATE TABLE `images` (
  `id` int(10) UNSIGNED NOT NULL,
  `s3_id` varchar(255) NOT NULL,
  `title` varchar(255) NOT NULL,
  `description` mediumtext,
  `downloads` int(10) UNSIGNED NOT NULL DEFAULT '0',
  `favorites` int(10) UNSIGNED NOT NULL DEFAULT '0',
  `upload_by` int(10) UNSIGNED NOT NULL,
  `upload_date` datetime NOT NULL DEFAULT CURRENT_TIMESTAMP,
  `orig_width` int(10) UNSIGNED NOT NULL,
  `orig_height` int(10) UNSIGNED NOT NULL,
  `file_size` int(10) UNSIGNED NOT NULL,
  `likes` int(10) UNSIGNED NOT NULL DEFAULT '0',
  `shares` int(10) UNSIGNED NOT NULL DEFAULT '0',
  `created_at` timestamp NOT NULL DEFAULT CURRENT_TIMESTAMP ON UPDATE CURRENT_TIMESTAMP,
  `updated_at` timestamp NOT NULL DEFAULT '0000-00-00 00:00:00',
  `group_name` varchar(255) DEFAULT NULL,
  `comments` int(10) UNSIGNED ZEROFILL NOT NULL DEFAULT '0000000000'
) ENGINE=InnoDB DEFAULT CHARSET=latin1;

--
-- Dumping data for table `images`
--

INSERT INTO `images` (`id`, `s3_id`, `title`, `description`, `downloads`, `favorites`, `upload_by`, `upload_date`, `orig_width`, `orig_height`, `file_size`, `likes`, `shares`, `created_at`, `updated_at`, `group_name`, `comments`) VALUES
(77, '1499345135.jpg', 'images (2)', NULL, 0, 0, 1, '2017-07-06 08:45:44', 300, 168, 9251, 0, 0, '2017-07-06 19:45:44', '2017-07-06 19:45:44', NULL, 0000000000),
(78, '1499352131.jpg', 'images (2)', NULL, 0, 0, 1, '2017-07-06 10:42:21', 300, 168, 9251, 0, 0, '2017-07-06 21:42:21', '2017-07-06 21:42:21', NULL, 0000000000),
(79, '1499352198.jpg', 'images (1)', NULL, 0, 0, 1, '2017-07-06 10:43:29', 263, 192, 13622, 0, 0, '2017-07-06 21:43:29', '2017-07-06 21:43:29', NULL, 0000000000),
(80, '1499352376.jpg', 'images (2)', NULL, 0, 0, 1, '2017-07-06 10:46:26', 300, 168, 9251, 0, 0, '2017-07-06 21:46:26', '2017-07-06 21:46:26', NULL, 0000000000),
(81, '1499352418.jpg', 'images (1)', NULL, 0, 0, 1, '2017-07-06 10:47:09', 263, 192, 13622, 0, 0, '2017-07-06 21:47:09', '2017-07-06 21:47:09', NULL, 0000000000),
(82, '1499358843.jpg', 'Download', NULL, 0, 0, 1, '2017-07-06 12:34:11', 165, 110, 3482, 0, 0, '2017-07-06 23:34:11', '2017-07-06 23:34:11', NULL, 0000000000),
(83, '1499358948.jpg', 'images', NULL, 0, 0, 1, '2017-07-06 12:35:58', 300, 168, 8283, 0, 0, '2017-07-06 23:35:58', '2017-07-06 23:35:58', NULL, 0000000000),
(84, '1499359105.jpg', 'images', NULL, 0, 0, 1, '2017-07-06 12:38:35', 300, 168, 8283, 0, 0, '2017-07-06 23:38:35', '2017-07-06 23:38:35', NULL, 0000000000),
(85, '1499359307.jpg', 'images (2)', NULL, 0, 0, 1, '2017-07-06 12:41:56', 300, 168, 9251, 0, 0, '2017-07-06 23:41:56', '2017-07-06 23:41:56', NULL, 0000000000),
(86, '1499359660.jpg', 'christmas-wallpaper', NULL, 0, 0, 1, '2017-07-06 12:47:53', 800, 500, 222019, 0, 0, '2017-07-06 23:47:53', '2017-07-06 23:47:53', NULL, 0000000000),
(87, '1499359729.jpg', 'images (1)', NULL, 0, 0, 1, '2017-07-06 12:49:02', 263, 192, 13622, 0, 0, '2017-07-06 23:49:02', '2017-07-06 23:49:02', NULL, 0000000000),
(88, '1499359814.jpg', 'images (2)', NULL, 0, 0, 1, '2017-07-06 12:50:25', 300, 168, 9251, 0, 0, '2017-07-06 23:50:25', '2017-07-06 23:50:25', NULL, 0000000000),
(89, '1499359943.jpg', 'images (1)', NULL, 0, 0, 1, '2017-07-06 12:52:34', 263, 192, 13622, 0, 0, '2017-07-06 23:52:34', '2017-07-06 23:52:34', NULL, 0000000000),
(90, '1499360046.jpg', 'images (1)', NULL, 0, 0, 1, '2017-07-06 12:54:17', 263, 192, 13622, 0, 0, '2017-07-06 23:54:17', '2017-07-06 23:54:17', NULL, 0000000000),
(91, '1499360120.jpg', 'images (1)', NULL, 0, 0, 1, '2017-07-06 12:55:31', 263, 192, 13622, 0, 0, '2017-07-06 23:55:31', '2017-07-06 23:55:31', NULL, 0000000000),
(92, '1499362845.jpg', 'images (2)', NULL, 0, 0, 1, '2017-07-06 13:40:55', 300, 168, 9251, 0, 0, '2017-07-07 00:40:55', '2017-07-07 00:40:55', NULL, 0000000000),
(93, '1499362869.jpg', 'images (1)', NULL, 0, 0, 1, '2017-07-06 13:41:17', 263, 192, 13622, 0, 0, '2017-07-07 00:41:17', '2017-07-07 00:41:17', NULL, 0000000000),
(94, '1499363191.jpg', 'images (1)', NULL, 0, 0, 1, '2017-07-06 13:46:40', 263, 192, 13622, 0, 0, '2017-07-07 00:46:40', '2017-07-07 00:46:40', NULL, 0000000000),
(95, '1499363212.jpg', 'images (2)', NULL, 0, 0, 1, '2017-07-06 13:47:00', 300, 168, 9251, 0, 0, '2017-07-07 00:47:00', '2017-07-07 00:47:00', NULL, 0000000000),
(96, '1499386584.jpg', 'images (1)', NULL, 0, 0, 1, '2017-07-06 20:16:39', 263, 192, 13622, 0, 0, '2017-07-07 07:16:39', '2017-07-07 07:16:39', NULL, 0000000000),
(97, '1499386617.jpg', 'images (2)', NULL, 0, 0, 1, '2017-07-06 20:17:05', 300, 168, 9251, 0, 0, '2017-07-07 07:17:05', '2017-07-07 07:17:05', NULL, 0000000000),
(98, '1499386830.jpg', 'images', NULL, 0, 0, 1, '2017-07-06 20:20:38', 300, 168, 8283, 0, 0, '2017-07-07 07:20:38', '2017-07-07 07:20:38', NULL, 0000000000),
(99, '1499388526.jpg', 'images (2)', NULL, 0, 0, 1, '2017-07-06 20:48:55', 300, 168, 9251, 0, 0, '2017-07-07 07:48:55', '2017-07-07 07:48:55', NULL, 0000000000),
(113, '1501051638.jpg', 'logo', NULL, 0, 5, 170, '2017-07-26 06:47:29', 1055, 1300, 282381, 18, 0, '2017-08-01 21:38:08', '2017-08-02 01:38:08', NULL, 0000000000),
(114, '1502695101.jpg', 'Studio', NULL, 0, 0, 169, '2017-08-14 07:18:30', 1210, 832, 103750, 0, 0, '2017-08-14 14:18:30', '2017-08-14 14:18:30', NULL, 0000000000),
(115, '1502695118.jpg', 'Studio', NULL, 0, 0, 169, '2017-08-14 07:18:45', 1210, 832, 103750, 0, 0, '2017-08-14 14:18:45', '2017-08-14 14:18:45', NULL, 0000000000),
(116, '1502695153.png', 'Halloween', NULL, 0, 0, 169, '2017-08-14 07:19:21', 1905, 1031, 248529, 1, 0, '2017-08-18 01:10:18', '2017-08-18 08:10:18', NULL, 0000000000),
(117, '1502803080.png', 'P1', NULL, 0, 0, 169, '2017-08-15 13:19:42', 1905, 1031, 248529, 0, 0, '2017-08-15 20:19:42', '2017-08-15 20:19:42', NULL, 0000000000),
(118, '1502803241.png', 'P1', NULL, 0, 0, 169, '2017-08-15 13:21:30', 1905, 1031, 248529, 1, 0, '2017-08-15 13:22:03', '2017-08-15 20:22:03', NULL, 0000000000),
(119, '1502962228.png', 'P1', NULL, 0, 0, 169, '2017-08-17 09:30:53', 1905, 1031, 248529, 1, 0, '2017-08-17 09:31:26', '2017-08-17 16:31:26', NULL, 0000000000),
(120, '1503010055.jpg', '03', NULL, 0, 0, 169, '2017-08-17 22:47:46', 1920, 954, 339041, 1, 0, '2017-08-17 22:48:02', '2017-08-18 05:48:02', NULL, 0000000000),
(121, '1503010583.jpg', '03', NULL, 0, 0, 169, '2017-08-17 22:56:32', 1920, 954, 339041, 0, 0, '2017-08-18 05:56:32', '2017-08-18 05:56:32', NULL, 0000000000),
(122, '1503010606.jpg', '03', NULL, 0, 0, 169, '2017-08-17 22:56:54', 1920, 954, 339041, 0, 0, '2017-08-18 05:56:54', '2017-08-18 05:56:54', NULL, 0000000000),
(123, '1503010641.jpg', '03', NULL, 0, 0, 169, '2017-08-17 22:57:29', 1920, 954, 339041, 0, 0, '2017-08-18 05:57:29', '2017-08-18 05:57:29', NULL, 0000000000),
(124, '1503010649.jpg', '03', NULL, 0, 0, 169, '2017-08-17 22:57:38', 1920, 954, 339041, 0, 0, '2017-08-18 05:57:38', '2017-08-18 05:57:38', NULL, 0000000000),
(125, '1503020798.jpg', '03', NULL, 0, 0, 169, '2017-08-18 01:46:54', 1920, 954, 339041, 0, 0, '2017-08-18 08:46:54', '2017-08-18 08:46:54', NULL, 0000000000),
(126, '1503020802.jpg', '03', NULL, 0, 0, 169, '2017-08-18 01:46:56', 1920, 954, 339041, 0, 0, '2017-08-18 08:46:56', '2017-08-18 08:46:56', NULL, 0000000000),
(127, '1503020801.jpg', '03', NULL, 0, 0, 169, '2017-08-18 01:46:56', 1920, 954, 339041, 0, 0, '2017-08-18 08:46:56', '2017-08-18 08:46:56', NULL, 0000000000),
(128, '1503020903.jpg', '03', NULL, 0, 0, 169, '2017-08-18 01:48:37', 1920, 954, 339041, 0, 0, '2017-08-18 08:48:37', '2017-08-18 08:48:37', NULL, 0000000000),
(129, '1503022967.jpg', '03', NULL, 0, 0, 169, '2017-08-18 02:23:00', 1920, 954, 339041, 0, 0, '2017-08-18 09:23:00', '2017-08-18 09:23:00', NULL, 0000000000),
(130, '1503023766.jpg', '03', NULL, 0, 0, 169, '2017-08-18 02:36:22', 1920, 954, 339041, 0, 0, '2017-08-18 09:36:22', '2017-08-18 09:36:22', NULL, 0000000000),
(131, '1503023794.jpg', '03', NULL, 0, 0, 169, '2017-08-18 02:36:47', 1920, 954, 339041, 0, 0, '2017-08-18 09:36:47', '2017-08-18 09:36:47', NULL, 0000000000),
(132, '1503024128.png', 'P1', NULL, 0, 0, 169, '2017-08-18 02:42:23', 1905, 1031, 248529, 0, 0, '2017-08-18 09:42:23', '2017-08-18 09:42:23', NULL, 0000000000),
(133, '1503024303.png', 'P1', NULL, 0, 0, 169, '2017-08-18 02:45:33', 1905, 1031, 248529, 0, 0, '2017-08-18 09:45:33', '2017-08-18 09:45:33', NULL, 0000000000),
(134, '1503024305.png', 'P1', NULL, 0, 0, 169, '2017-08-18 02:45:34', 1905, 1031, 248529, 0, 0, '2017-08-18 09:45:34', '2017-08-18 09:45:34', NULL, 0000000000),
(135, '1503024306.png', 'P1', NULL, 0, 0, 169, '2017-08-18 02:45:34', 1905, 1031, 248529, 0, 0, '2017-08-18 09:45:34', '2017-08-18 09:45:34', NULL, 0000000000),
(136, '1503024304.png', 'P1', NULL, 0, 0, 169, '2017-08-18 02:45:34', 1905, 1031, 248529, 0, 0, '2017-08-18 09:45:34', '2017-08-18 09:45:34', NULL, 0000000000),
(137, '1503025446.jpg', 'Avatar', NULL, 0, 0, 169, '2017-08-18 03:04:18', 219, 230, 9604, 0, 0, '2017-08-18 10:04:18', '2017-08-18 10:04:18', NULL, 0000000000),
(138, '1503025577.png', 'P1', NULL, 0, 0, 169, '2017-08-18 03:06:35', 1905, 1031, 248529, 0, 0, '2017-08-18 10:06:35', '2017-08-18 10:06:35', NULL, 0000000000),
(139, '1503025678.png', 'P1', NULL, 0, 0, 169, '2017-08-18 03:08:16', 1905, 1031, 248529, 0, 0, '2017-08-18 10:08:16', '2017-08-18 10:08:16', NULL, 0000000000),
(140, '1503026435.png', 'P1', NULL, 0, 0, 169, '2017-08-18 03:20:49', 1905, 1031, 248529, 0, 0, '2017-08-18 10:20:49', '2017-08-18 10:20:49', NULL, 0000000000),
(141, '1503027283.jpg', '03', NULL, 0, 0, 169, '2017-08-18 03:34:51', 1920, 954, 339041, 0, 0, '2017-08-18 10:34:51', '2017-08-18 10:34:51', NULL, 0000000000),
(142, '1503027751.png', 'Tick', NULL, 0, 0, 169, '2017-08-18 03:42:40', 1025, 929, 443303, 0, 0, '2017-08-18 10:42:40', '2017-08-18 10:42:40', NULL, 0000000000),
(143, '1503061475.png', 'Sign', NULL, 0, 0, 169, '2017-08-18 13:04:46', 1032, 505, 9939, 0, 0, '2017-08-18 20:04:47', '2017-08-18 20:04:47', NULL, 0000000000),
(144, '1503061516.png', 'P1', NULL, 0, 0, 169, '2017-08-18 13:05:25', 1905, 1031, 248529, 0, 0, '2017-08-18 20:05:25', '2017-08-18 20:05:25', NULL, 0000000000),
(145, '1503061530.png', 'Sign', NULL, 0, 0, 169, '2017-08-18 13:05:37', 1032, 505, 9939, 0, 0, '2017-08-18 20:05:37', '2017-08-18 20:05:37', NULL, 0000000000),
(146, '1503061568.jpg', 'signature', NULL, 0, 0, 169, '2017-08-18 13:06:16', 811, 373, 34247, 0, 0, '2017-08-18 20:06:16', '2017-08-18 20:06:16', NULL, 0000000000),
(147, '1503061873.png', 'Sign', NULL, 0, 0, 169, '2017-08-18 13:11:20', 1032, 505, 9939, 0, 0, '2017-08-18 20:11:20', '2017-08-18 20:11:20', NULL, 0000000000),
(148, '1503061931.png', 'Screenshot', NULL, 0, 0, 169, '2017-08-18 13:12:19', 352, 296, 33991, 0, 0, '2017-08-18 20:12:19', '2017-08-18 20:12:19', NULL, 0000000000),
(149, '1503062193.jpg', 'Studio', NULL, 0, 0, 169, '2017-08-18 13:16:40', 1210, 832, 103750, 0, 0, '2017-08-18 20:16:40', '2017-08-18 20:16:40', NULL, 0000000000),
(150, '1503062639.png', 'Sign', NULL, 0, 0, 169, '2017-08-18 13:24:06', 1032, 505, 9939, 0, 0, '2017-08-18 20:24:06', '2017-08-18 20:24:06', NULL, 0000000000),
(151, '1503062887.jpg', 'signature', NULL, 0, 0, 169, '2017-08-18 13:28:14', 811, 373, 34247, 0, 0, '2017-08-18 20:28:14', '2017-08-18 20:28:14', NULL, 0000000000),
(152, '1503063310.png', 'Sign', NULL, 0, 0, 169, '2017-08-18 13:35:17', 1032, 505, 9939, 0, 0, '2017-08-18 20:35:17', '2017-08-18 20:35:17', NULL, 0000000000),
(153, '1503064310.jpg', 'signature', NULL, 0, 0, 169, '2017-08-18 13:51:58', 811, 373, 34247, 0, 0, '2017-08-18 20:51:58', '2017-08-18 20:51:58', NULL, 0000000000),
(154, '1503064341.png', 'Screenshot', NULL, 0, 0, 169, '2017-08-18 13:52:29', 352, 296, 33991, 0, 0, '2017-08-18 20:52:29', '2017-08-18 20:52:29', NULL, 0000000000),
(155, '1503064378.png', 'Sign', NULL, 0, 0, 169, '2017-08-18 13:53:05', 1032, 505, 9939, 0, 0, '2017-08-18 20:53:05', '2017-08-18 20:53:05', NULL, 0000000000),
(156, '1503064387.png', 'P1', NULL, 0, 0, 169, '2017-08-18 13:53:16', 1905, 1031, 248529, 0, 0, '2017-08-18 20:53:16', '2017-08-18 20:53:16', NULL, 0000000000),
(157, '1503068664.png', 'P1', NULL, 0, 0, 169, '2017-08-18 15:04:35', 1905, 1031, 248529, 0, 0, '2017-08-18 22:04:35', '2017-08-18 22:04:35', NULL, 0000000000),
(158, '1503068774.png', 'Screenshot', NULL, 0, 0, 169, '2017-08-18 15:06:22', 352, 296, 33991, 0, 0, '2017-08-18 22:06:22', '2017-08-18 22:06:22', NULL, 0000000000),
(159, '1503068994.png', 'P1', NULL, 0, 0, 169, '2017-08-18 15:10:02', 1905, 1031, 248529, 0, 0, '2017-08-18 22:10:03', '2017-08-18 22:10:03', NULL, 0000000000),
(160, '1503069240.png', 'P1', NULL, 0, 0, 169, '2017-08-18 15:14:09', 1905, 1031, 248529, 0, 0, '2017-08-18 22:14:09', '2017-08-18 22:14:09', NULL, 0000000000),
(161, '1503069359.png', 'P1', NULL, 0, 0, 169, '2017-08-18 15:16:10', 1905, 1031, 248529, 0, 0, '2017-08-18 22:16:10', '2017-08-18 22:16:10', NULL, 0000000000),
(162, '1503069815.png', 'P1', NULL, 0, 0, 169, '2017-08-18 15:23:45', 1905, 1031, 248529, 0, 0, '2017-08-18 22:23:45', '2017-08-18 22:23:45', NULL, 0000000000),
(163, '1503072069.png', 'P1', NULL, 0, 0, 169, '2017-08-18 16:01:17', 1905, 1031, 248529, 0, 0, '2017-08-18 23:01:17', '2017-08-18 23:01:17', NULL, 0000000000),
(164, '1503072276.png', 'P1', NULL, 0, 0, 169, '2017-08-18 16:04:46', 1905, 1031, 248529, 0, 0, '2017-08-18 23:04:46', '2017-08-18 23:04:46', NULL, 0000000000),
(165, '1503073958.png', 'P1', NULL, 224, 52, 169, '2017-08-18 16:32:46', 1905, 1031, 248529, 0, 0, '2017-09-09 03:24:11', '2017-08-18 23:32:46', NULL, 0000000000),
(166, '1503074678.jpg', 'Ship', NULL, 150, 34, 169, '2017-08-18 16:44:46', 720, 631, 94968, 0, 0, '2017-09-09 03:24:01', '2017-08-18 23:44:46', NULL, 0000000000),
(167, '1503074784.png', 'Ship1', NULL, 1433, 534, 169, '2017-08-18 16:46:35', 500, 374, 216035, 0, 0, '2017-09-09 03:24:24', '2017-08-18 23:46:35', NULL, 0000000000),
(168, '1503075118.png', 'P1', NULL, 22, 12, 169, '2017-08-18 16:52:07', 1905, 1031, 248529, 1, 0, '2017-09-09 03:24:32', '2017-08-19 02:25:22', NULL, 0000000000),
(170, '1503125771.jpg', 'Ship', NULL, 67, 6, 169, '2017-08-19 06:56:20', 720, 631, 94968, 0, 0, '2017-09-09 03:24:39', '2017-08-19 13:56:20', NULL, 0000000000),
(171, '1503222724.png', 'Ship1', NULL, 32, 145, 170, '2017-08-20 09:52:18', 500, 374, 216035, 1, 0, '2017-09-09 02:04:12', '2017-08-26 15:56:43', NULL, 0000000000),
(172, '1503536133.jpg', 'gallery-technology', NULL, 0, 32, 169, '2017-08-24 00:55:46', 650, 200, 85766, 1, 0, '2017-09-09 03:24:46', '2017-08-24 07:56:12', NULL, 0000000000),
(173, '1503974605.jpg', 'image', NULL, 0, 0, 169, '2017-08-29 02:44:03', 1024, 768, 637384, 0, 0, '2017-08-29 09:44:03', '2017-08-29 09:44:03', NULL, 0000000000),
(174, '1504007462.jpg', 'robin', NULL, 1256, 12, 169, '2017-08-29 11:51:25', 2560, 1920, 1754628, 0, 0, '2017-09-09 03:24:57', '2017-09-01 02:12:19', NULL, 0000000000),
(175, '1504805330.png', 'sdfghjkl', NULL, 5673, 0, 169, '2017-09-07 17:29:45', 1905, 959, 2080823, 0, 0, '2017-09-09 03:23:49', '2017-09-08 00:30:35', NULL, 0000000000);

-- --------------------------------------------------------

--
-- Table structure for table `image_comments`
--

CREATE TABLE `image_comments` (
  `id` int(10) UNSIGNED NOT NULL,
  `image_id` int(10) UNSIGNED NOT NULL,
  `author_id` int(10) UNSIGNED NOT NULL,
  `parent_id` int(10) UNSIGNED DEFAULT NULL,
  `content` mediumtext NOT NULL,
  `created_at` timestamp NOT NULL DEFAULT CURRENT_TIMESTAMP ON UPDATE CURRENT_TIMESTAMP,
  `updated_at` timestamp NOT NULL DEFAULT '0000-00-00 00:00:00',
  `sticker` varchar(255) DEFAULT NULL,
  `author_img` varchar(255) DEFAULT NULL,
  `author_name` varchar(255) NOT NULL
) ENGINE=InnoDB DEFAULT CHARSET=latin1;

--
-- Dumping data for table `image_comments`
--

INSERT INTO `image_comments` (`id`, `image_id`, `author_id`, `parent_id`, `content`, `created_at`, `updated_at`, `sticker`, `author_img`, `author_name`) VALUES
(21, 111, 169, 0, 'asdfsadfsd', '2017-07-21 09:06:03', '2017-07-21 09:06:03', NULL, NULL, 'Helium Kingdom'),
(22, 111, 169, 0, 'sgadfg', '2017-07-21 09:09:10', '2017-07-21 09:09:10', NULL, NULL, 'Helium Kingdom'),
(23, 111, 169, 0, 'asdfasdf', '2017-07-21 09:10:47', '2017-07-21 09:10:47', 'assets/images/sticker-01.png', NULL, 'Helium Kingdom'),
(24, 111, 169, 0, 'asdfsafd', '2017-07-21 09:19:01', '2017-07-21 09:19:01', 'assets/images/sticker-01.png', NULL, 'Helium Kingdom'),
(26, 110, 169, 0, 'asdfasdfasdf', '2017-07-21 19:46:28', '2017-07-21 19:46:28', NULL, NULL, 'Helium Kingdom'),
(27, 110, 169, 0, 'asdfasffgsdfg', '2017-07-21 19:52:07', '2017-07-21 19:52:07', NULL, NULL, 'Helium Kingdom'),
(28, 110, 169, 0, 'asdfasfd', '2017-07-21 19:56:22', '2017-07-21 19:56:22', NULL, NULL, 'Helium Kingdom'),
(29, 110, 169, 25, 'dasdfwertwetergergtr', '2017-07-21 20:09:09', '2017-07-21 20:09:09', NULL, NULL, 'Helium Kingdom'),
(30, 110, 169, 0, 'adfasdf', '2017-07-21 23:26:14', '2017-07-21 23:26:14', NULL, NULL, 'Helium Kingdom'),
(31, 110, 169, 26, 'asdfasdfsadf', '2017-07-22 00:15:02', '2017-07-22 00:15:02', NULL, NULL, 'Helium Kingdom'),
(32, 110, 169, 0, 'asdfasdfasfd', '2017-07-22 00:15:13', '2017-07-22 00:15:13', NULL, NULL, 'Helium Kingdom'),
(33, 110, 169, 0, 'kkkkkkkkkkkkkkkkkkkkkkkkkkkkkkkkkkkkkkkk', '2017-07-22 00:15:28', '2017-07-22 00:15:28', NULL, NULL, 'Helium Kingdom'),
(35, 169, 169, 34, 'sdf', '2017-08-19 13:31:25', '2017-08-19 13:31:25', NULL, '1503075086.jpg', 'Helium Kingdom'),
(36, 172, 169, 0, 'dfgdfgdfg', '2017-08-24 08:02:48', '2017-08-24 08:02:48', NULL, '1503238837.jpg', 'Taggo Kingdom');

-- --------------------------------------------------------

--
-- Table structure for table `image_tags`
--

CREATE TABLE `image_tags` (
  `id` int(10) UNSIGNED NOT NULL,
  `tag_id` int(10) UNSIGNED NOT NULL,
  `image_id` int(10) UNSIGNED NOT NULL,
  `created_at` timestamp NULL DEFAULT NULL,
  `updated_at` timestamp NULL DEFAULT NULL
) ENGINE=InnoDB DEFAULT CHARSET=latin1;

--
-- Dumping data for table `image_tags`
--

INSERT INTO `image_tags` (`id`, `tag_id`, `image_id`, `created_at`, `updated_at`) VALUES
(7, 8, 77, '2017-07-06 19:45:44', '2017-07-06 19:45:44'),
(8, 9, 77, '2017-07-06 19:45:45', '2017-07-06 19:45:45'),
(9, 10, 77, '2017-07-06 19:45:45', '2017-07-06 19:45:45'),
(10, 11, 77, '2017-07-06 19:45:45', '2017-07-06 19:45:45'),
(11, 8, 78, '2017-07-06 21:42:22', '2017-07-06 21:42:22'),
(12, 9, 78, '2017-07-06 21:42:22', '2017-07-06 21:42:22'),
(13, 10, 78, '2017-07-06 21:42:22', '2017-07-06 21:42:22'),
(14, 11, 78, '2017-07-06 21:42:22', '2017-07-06 21:42:22'),
(15, 12, 79, '2017-07-06 21:43:29', '2017-07-06 21:43:29'),
(16, 13, 79, '2017-07-06 21:43:29', '2017-07-06 21:43:29'),
(17, 14, 79, '2017-07-06 21:43:29', '2017-07-06 21:43:29'),
(18, 15, 79, '2017-07-06 21:43:29', '2017-07-06 21:43:29'),
(19, 8, 80, '2017-07-06 21:46:26', '2017-07-06 21:46:26'),
(20, 9, 80, '2017-07-06 21:46:26', '2017-07-06 21:46:26'),
(21, 10, 80, '2017-07-06 21:46:26', '2017-07-06 21:46:26'),
(22, 11, 80, '2017-07-06 21:46:26', '2017-07-06 21:46:26'),
(23, 12, 81, '2017-07-06 21:47:09', '2017-07-06 21:47:09'),
(24, 13, 81, '2017-07-06 21:47:09', '2017-07-06 21:47:09'),
(25, 14, 81, '2017-07-06 21:47:09', '2017-07-06 21:47:09'),
(26, 15, 81, '2017-07-06 21:47:09', '2017-07-06 21:47:09'),
(27, 16, 82, '2017-07-06 23:34:12', '2017-07-06 23:34:12'),
(28, 17, 82, '2017-07-06 23:34:12', '2017-07-06 23:34:12'),
(29, 18, 82, '2017-07-06 23:34:12', '2017-07-06 23:34:12'),
(30, 8, 85, '2017-07-06 23:41:56', '2017-07-06 23:41:56'),
(31, 9, 85, '2017-07-06 23:41:56', '2017-07-06 23:41:56'),
(32, 10, 85, '2017-07-06 23:41:56', '2017-07-06 23:41:56'),
(33, 11, 85, '2017-07-06 23:41:56', '2017-07-06 23:41:56'),
(34, 16, 86, '2017-07-06 23:47:54', '2017-07-06 23:47:54'),
(35, 17, 86, '2017-07-06 23:47:54', '2017-07-06 23:47:54'),
(36, 18, 86, '2017-07-06 23:47:54', '2017-07-06 23:47:54'),
(37, 19, 86, '2017-07-06 23:47:54', '2017-07-06 23:47:54'),
(38, 12, 87, '2017-07-06 23:49:02', '2017-07-06 23:49:02'),
(39, 13, 87, '2017-07-06 23:49:02', '2017-07-06 23:49:02'),
(40, 14, 87, '2017-07-06 23:49:02', '2017-07-06 23:49:02'),
(41, 15, 87, '2017-07-06 23:49:02', '2017-07-06 23:49:02'),
(42, 8, 88, '2017-07-06 23:50:25', '2017-07-06 23:50:25'),
(43, 9, 88, '2017-07-06 23:50:25', '2017-07-06 23:50:25'),
(44, 10, 88, '2017-07-06 23:50:25', '2017-07-06 23:50:25'),
(45, 11, 88, '2017-07-06 23:50:25', '2017-07-06 23:50:25'),
(46, 12, 89, '2017-07-06 23:52:34', '2017-07-06 23:52:34'),
(47, 13, 89, '2017-07-06 23:52:34', '2017-07-06 23:52:34'),
(48, 14, 89, '2017-07-06 23:52:34', '2017-07-06 23:52:34'),
(49, 15, 89, '2017-07-06 23:52:34', '2017-07-06 23:52:34'),
(50, 12, 90, '2017-07-06 23:54:17', '2017-07-06 23:54:17'),
(51, 13, 90, '2017-07-06 23:54:17', '2017-07-06 23:54:17'),
(52, 14, 90, '2017-07-06 23:54:17', '2017-07-06 23:54:17'),
(53, 15, 90, '2017-07-06 23:54:17', '2017-07-06 23:54:17'),
(54, 12, 91, '2017-07-06 23:55:31', '2017-07-06 23:55:31'),
(55, 13, 91, '2017-07-06 23:55:31', '2017-07-06 23:55:31'),
(56, 14, 91, '2017-07-06 23:55:31', '2017-07-06 23:55:31'),
(57, 15, 91, '2017-07-06 23:55:31', '2017-07-06 23:55:31'),
(58, 8, 92, '2017-07-07 00:40:55', '2017-07-07 00:40:55'),
(59, 9, 92, '2017-07-07 00:40:55', '2017-07-07 00:40:55'),
(60, 10, 92, '2017-07-07 00:40:55', '2017-07-07 00:40:55'),
(61, 11, 92, '2017-07-07 00:40:55', '2017-07-07 00:40:55'),
(62, 12, 93, '2017-07-07 00:41:18', '2017-07-07 00:41:18'),
(63, 13, 93, '2017-07-07 00:41:18', '2017-07-07 00:41:18'),
(64, 14, 93, '2017-07-07 00:41:18', '2017-07-07 00:41:18'),
(65, 15, 93, '2017-07-07 00:41:18', '2017-07-07 00:41:18'),
(66, 12, 94, '2017-07-07 00:46:40', '2017-07-07 00:46:40'),
(67, 13, 94, '2017-07-07 00:46:40', '2017-07-07 00:46:40'),
(68, 14, 94, '2017-07-07 00:46:40', '2017-07-07 00:46:40'),
(69, 15, 94, '2017-07-07 00:46:40', '2017-07-07 00:46:40'),
(70, 8, 95, '2017-07-07 00:47:00', '2017-07-07 00:47:00'),
(71, 9, 95, '2017-07-07 00:47:00', '2017-07-07 00:47:00'),
(72, 10, 95, '2017-07-07 00:47:00', '2017-07-07 00:47:00'),
(73, 11, 95, '2017-07-07 00:47:00', '2017-07-07 00:47:00'),
(74, 12, 96, '2017-07-07 07:16:39', '2017-07-07 07:16:39'),
(75, 13, 96, '2017-07-07 07:16:39', '2017-07-07 07:16:39'),
(76, 14, 96, '2017-07-07 07:16:39', '2017-07-07 07:16:39'),
(77, 15, 96, '2017-07-07 07:16:39', '2017-07-07 07:16:39'),
(78, 8, 97, '2017-07-07 07:17:05', '2017-07-07 07:17:05'),
(79, 9, 97, '2017-07-07 07:17:05', '2017-07-07 07:17:05'),
(80, 10, 97, '2017-07-07 07:17:06', '2017-07-07 07:17:06'),
(81, 11, 97, '2017-07-07 07:17:06', '2017-07-07 07:17:06'),
(82, 8, 99, '2017-07-07 07:48:55', '2017-07-07 07:48:55'),
(83, 9, 99, '2017-07-07 07:48:55', '2017-07-07 07:48:55'),
(84, 10, 99, '2017-07-07 07:48:55', '2017-07-07 07:48:55'),
(85, 11, 99, '2017-07-07 07:48:55', '2017-07-07 07:48:55'),
(102, 12, 105, '2017-07-19 09:07:58', '2017-07-19 09:07:58'),
(103, 13, 105, '2017-07-19 09:07:58', '2017-07-19 09:07:58'),
(104, 14, 105, '2017-07-19 09:07:58', '2017-07-19 09:07:58'),
(105, 15, 105, '2017-07-19 09:07:58', '2017-07-19 09:07:58'),
(107, 9, 106, '2017-07-19 23:49:36', '2017-07-19 23:49:36'),
(108, 10, 106, '2017-07-19 23:49:36', '2017-07-19 23:49:36'),
(109, 11, 106, '2017-07-19 23:49:36', '2017-07-19 23:49:36'),
(123, 13, 110, '2017-07-20 14:40:07', '2017-07-20 14:40:07'),
(124, 14, 110, '2017-07-20 14:40:07', '2017-07-20 14:40:07'),
(125, 15, 110, '2017-07-20 14:40:07', '2017-07-20 14:40:07'),
(127, 13, 111, '2017-07-21 07:31:51', '2017-07-21 07:31:51'),
(128, 14, 111, '2017-07-21 07:31:51', '2017-07-21 07:31:51'),
(129, 15, 111, '2017-07-21 07:31:51', '2017-07-21 07:31:51'),
(131, 13, 112, '2017-07-21 03:23:17', '2017-07-21 03:23:17'),
(132, 14, 112, '2017-07-21 03:23:17', '2017-07-21 03:23:17'),
(133, 15, 112, '2017-07-21 03:23:17', '2017-07-21 03:23:17'),
(134, 24, 113, '2017-08-10 01:54:03', '2017-08-10 01:54:03'),
(135, 25, 113, '2017-08-10 01:54:03', '2017-08-10 01:54:03'),
(136, 26, 142, '2017-08-18 10:42:40', '2017-08-18 10:42:40'),
(137, 27, 142, '2017-08-18 10:42:40', '2017-08-18 10:42:40'),
(138, 28, 143, '2017-08-18 20:04:47', '2017-08-18 20:04:47'),
(139, 29, 143, '2017-08-18 20:04:47', '2017-08-18 20:04:47'),
(140, 28, 145, '2017-08-18 20:05:37', '2017-08-18 20:05:37'),
(141, 29, 145, '2017-08-18 20:05:37', '2017-08-18 20:05:37'),
(142, 28, 146, '2017-08-18 20:06:16', '2017-08-18 20:06:16'),
(143, 29, 146, '2017-08-18 20:06:16', '2017-08-18 20:06:16'),
(144, 28, 147, '2017-08-18 20:11:20', '2017-08-18 20:11:20'),
(145, 29, 147, '2017-08-18 20:11:20', '2017-08-18 20:11:20'),
(146, 30, 148, '2017-08-18 20:12:19', '2017-08-18 20:12:19'),
(147, 31, 148, '2017-08-18 20:12:19', '2017-08-18 20:12:19'),
(148, 28, 150, '2017-08-18 20:24:06', '2017-08-18 20:24:06'),
(149, 29, 150, '2017-08-18 20:24:06', '2017-08-18 20:24:06'),
(150, 28, 151, '2017-08-18 20:28:14', '2017-08-18 20:28:14'),
(151, 29, 151, '2017-08-18 20:28:14', '2017-08-18 20:28:14'),
(152, 28, 152, '2017-08-18 20:35:17', '2017-08-18 20:35:17'),
(153, 29, 152, '2017-08-18 20:35:17', '2017-08-18 20:35:17'),
(154, 28, 153, '2017-08-18 20:51:58', '2017-08-18 20:51:58'),
(155, 29, 153, '2017-08-18 20:51:58', '2017-08-18 20:51:58'),
(156, 30, 154, '2017-08-18 20:52:29', '2017-08-18 20:52:29'),
(157, 31, 154, '2017-08-18 20:52:29', '2017-08-18 20:52:29'),
(158, 28, 155, '2017-08-18 20:53:05', '2017-08-18 20:53:05'),
(159, 29, 155, '2017-08-18 20:53:05', '2017-08-18 20:53:05'),
(160, 30, 158, '2017-08-18 22:06:22', '2017-08-18 22:06:22'),
(161, 31, 158, '2017-08-18 22:06:22', '2017-08-18 22:06:22'),
(162, 32, 167, '2017-08-18 23:46:35', '2017-08-18 23:46:35'),
(164, 34, 169, '2017-08-19 08:52:06', '2017-08-19 08:52:06'),
(165, 32, 171, '2017-08-20 16:52:18', '2017-08-20 16:52:18'),
(166, 35, 172, '2017-08-24 07:55:47', '2017-08-24 07:55:47'),
(167, 36, 172, '2017-08-24 07:55:47', '2017-08-24 07:55:47'),
(168, 37, 173, '2017-08-29 09:44:03', '2017-08-29 09:44:03'),
(169, 38, 173, '2017-08-29 09:44:03', '2017-08-29 09:44:03'),
(170, 39, 173, '2017-08-29 09:44:03', '2017-08-29 09:44:03'),
(171, 40, 173, '2017-08-29 09:44:04', '2017-08-29 09:44:04'),
(172, 37, 174, '2017-08-29 18:51:26', '2017-08-29 18:51:26'),
(173, 41, 174, '2017-08-29 18:51:26', '2017-08-29 18:51:26'),
(174, 42, 175, '2017-09-08 00:31:53', '2017-09-08 00:31:53'),
(175, 43, 175, '2017-09-08 00:31:53', '2017-09-08 00:31:53'),
(176, 44, 175, '2017-09-08 00:31:53', '2017-09-08 00:31:53');

-- --------------------------------------------------------

--
-- Table structure for table `image_thumbnails`
--

CREATE TABLE `image_thumbnails` (
  `id` int(10) UNSIGNED NOT NULL,
  `s3_id` varchar(255) NOT NULL,
  `image_id` int(10) UNSIGNED NOT NULL,
  `width` int(10) UNSIGNED NOT NULL,
  `height` int(10) UNSIGNED NOT NULL,
  `created_at` timestamp NOT NULL DEFAULT CURRENT_TIMESTAMP ON UPDATE CURRENT_TIMESTAMP,
  `updated_at` timestamp NOT NULL DEFAULT '0000-00-00 00:00:00'
) ENGINE=InnoDB DEFAULT CHARSET=latin1;

--
-- Dumping data for table `image_thumbnails`
--

INSERT INTO `image_thumbnails` (`id`, `s3_id`, `image_id`, `width`, `height`, `created_at`, `updated_at`) VALUES
(1, '1499345135.jpg', 77, 300, 300, '2017-07-06 19:45:44', '2017-07-06 19:45:44'),
(2, '1499352131.jpg', 78, 300, 300, '2017-07-06 21:42:21', '2017-07-06 21:42:21'),
(3, '1499352198.jpg', 79, 300, 300, '2017-07-06 21:43:29', '2017-07-06 21:43:29'),
(4, '1499352376.jpg', 80, 300, 300, '2017-07-06 21:46:26', '2017-07-06 21:46:26'),
(5, '1499352418.jpg', 81, 300, 300, '2017-07-06 21:47:09', '2017-07-06 21:47:09'),
(6, '1499358843.jpg', 82, 300, 300, '2017-07-06 23:34:12', '2017-07-06 23:34:12'),
(7, '1499358948.jpg', 83, 300, 300, '2017-07-06 23:35:58', '2017-07-06 23:35:58'),
(8, '1499359105.jpg', 84, 300, 300, '2017-07-06 23:38:35', '2017-07-06 23:38:35'),
(9, '1499359307.jpg', 85, 300, 300, '2017-07-06 23:41:56', '2017-07-06 23:41:56'),
(10, '1499359660.jpg', 86, 300, 300, '2017-07-06 23:47:53', '2017-07-06 23:47:53'),
(11, '1499359729.jpg', 87, 300, 300, '2017-07-06 23:49:02', '2017-07-06 23:49:02'),
(12, '1499359814.jpg', 88, 300, 300, '2017-07-06 23:50:25', '2017-07-06 23:50:25'),
(13, '1499359943.jpg', 89, 300, 300, '2017-07-06 23:52:34', '2017-07-06 23:52:34'),
(14, '1499360046.jpg', 90, 300, 300, '2017-07-06 23:54:17', '2017-07-06 23:54:17'),
(15, '1499360120.jpg', 91, 300, 300, '2017-07-06 23:55:31', '2017-07-06 23:55:31'),
(16, '1499362845.jpg', 92, 300, 300, '2017-07-07 00:40:55', '2017-07-07 00:40:55'),
(17, '1499362869.jpg', 93, 300, 300, '2017-07-07 00:41:17', '2017-07-07 00:41:17'),
(18, '1499363191.jpg', 94, 300, 300, '2017-07-07 00:46:40', '2017-07-07 00:46:40'),
(19, '1499363212.jpg', 95, 300, 300, '2017-07-07 00:47:00', '2017-07-07 00:47:00'),
(20, '1499386584.jpg', 96, 300, 300, '2017-07-07 07:16:39', '2017-07-07 07:16:39'),
(21, '1499386617.jpg', 97, 300, 300, '2017-07-07 07:17:05', '2017-07-07 07:17:05'),
(22, '1499386830.jpg', 98, 300, 300, '2017-07-07 07:20:38', '2017-07-07 07:20:38'),
(23, '1499388526.jpg', 99, 300, 300, '2017-07-07 07:48:55', '2017-07-07 07:48:55'),
(24, '1499388576.jpg', 100, 300, 300, '2017-07-07 07:49:44', '2017-07-07 07:49:44'),
(25, '1499388717.jpg', 101, 300, 300, '2017-07-07 07:52:06', '2017-07-07 07:52:06'),
(26, '1499506542.jpg', 102, 300, 300, '2017-07-08 16:35:56', '2017-07-08 16:35:56'),
(27, '1499551404.jpg', 103, 300, 300, '2017-07-09 05:03:36', '2017-07-09 05:03:36'),
(28, '1500426468.jpg', 104, 300, 300, '2017-07-19 08:08:02', '2017-07-19 08:08:02'),
(29, '1500430066.jpg', 105, 300, 300, '2017-07-19 09:07:58', '2017-07-19 09:07:58'),
(31, '1500517757.jpg', 107, 300, 300, '2017-07-20 09:30:35', '2017-07-20 09:30:35'),
(32, '1500534555.jpg', 108, 300, 300, '2017-07-20 14:09:27', '2017-07-20 14:09:27'),
(33, '1500535786.jpg', 109, 300, 300, '2017-07-20 14:29:57', '2017-07-20 14:29:57'),
(37, '1501051638.jpg', 113, 300, 300, '2017-07-26 13:47:29', '2017-07-26 13:47:29'),
(38, '1502695101.jpg', 114, 300, 300, '2017-08-14 14:18:30', '2017-08-14 14:18:30'),
(39, '1502695118.jpg', 115, 300, 300, '2017-08-14 14:18:45', '2017-08-14 14:18:45'),
(40, '1502695153.png', 116, 300, 300, '2017-08-14 14:19:21', '2017-08-14 14:19:21'),
(41, '1502803080.png', 117, 300, 300, '2017-08-15 20:19:42', '2017-08-15 20:19:42'),
(42, '1502803241.png', 118, 300, 300, '2017-08-15 20:21:30', '2017-08-15 20:21:30'),
(43, '1502962228.png', 119, 300, 300, '2017-08-17 16:30:53', '2017-08-17 16:30:53'),
(44, '1503010055.jpg', 120, 300, 300, '2017-08-18 05:47:46', '2017-08-18 05:47:46'),
(45, '1503010583.jpg', 121, 300, 300, '2017-08-18 05:56:32', '2017-08-18 05:56:32'),
(46, '1503010606.jpg', 122, 300, 300, '2017-08-18 05:56:54', '2017-08-18 05:56:54'),
(47, '1503010641.jpg', 123, 300, 300, '2017-08-18 05:57:29', '2017-08-18 05:57:29'),
(48, '1503010649.jpg', 124, 300, 300, '2017-08-18 05:57:38', '2017-08-18 05:57:38'),
(49, '1503020798.jpg', 125, 300, 300, '2017-08-18 08:46:54', '2017-08-18 08:46:54'),
(50, '1503020802.jpg', 126, 300, 300, '2017-08-18 08:46:56', '2017-08-18 08:46:56'),
(51, '1503020801.jpg', 127, 300, 300, '2017-08-18 08:46:56', '2017-08-18 08:46:56'),
(52, '1503020903.jpg', 128, 300, 300, '2017-08-18 08:48:37', '2017-08-18 08:48:37'),
(53, '1503022967.jpg', 129, 300, 300, '2017-08-18 09:23:00', '2017-08-18 09:23:00'),
(54, '1503023766.jpg', 130, 300, 300, '2017-08-18 09:36:22', '2017-08-18 09:36:22'),
(55, '1503023794.jpg', 131, 300, 300, '2017-08-18 09:36:47', '2017-08-18 09:36:47'),
(56, '1503024128.png', 132, 300, 300, '2017-08-18 09:42:23', '2017-08-18 09:42:23'),
(57, '1503024303.png', 133, 300, 300, '2017-08-18 09:45:33', '2017-08-18 09:45:33'),
(58, '1503024305.png', 134, 300, 300, '2017-08-18 09:45:34', '2017-08-18 09:45:34'),
(59, '1503024306.png', 135, 300, 300, '2017-08-18 09:45:34', '2017-08-18 09:45:34'),
(60, '1503024304.png', 136, 300, 300, '2017-08-18 09:45:34', '2017-08-18 09:45:34'),
(61, '1503025446.jpg', 137, 300, 300, '2017-08-18 10:04:18', '2017-08-18 10:04:18'),
(62, '1503025577.png', 138, 300, 300, '2017-08-18 10:06:35', '2017-08-18 10:06:35'),
(63, '1503025678.png', 139, 300, 300, '2017-08-18 10:08:16', '2017-08-18 10:08:16'),
(64, '1503026435.png', 140, 300, 300, '2017-08-18 10:20:49', '2017-08-18 10:20:49'),
(65, '1503027283.jpg', 141, 300, 300, '2017-08-18 10:34:51', '2017-08-18 10:34:51'),
(66, '1503027751.png', 142, 300, 300, '2017-08-18 10:42:40', '2017-08-18 10:42:40'),
(67, '1503061475.png', 143, 300, 300, '2017-08-18 20:04:47', '2017-08-18 20:04:47'),
(68, '1503061516.png', 144, 300, 300, '2017-08-18 20:05:25', '2017-08-18 20:05:25'),
(69, '1503061530.png', 145, 300, 300, '2017-08-18 20:05:37', '2017-08-18 20:05:37'),
(70, '1503061568.jpg', 146, 300, 300, '2017-08-18 20:06:16', '2017-08-18 20:06:16'),
(71, '1503061873.png', 147, 300, 300, '2017-08-18 20:11:20', '2017-08-18 20:11:20'),
(72, '1503061931.png', 148, 300, 300, '2017-08-18 20:12:19', '2017-08-18 20:12:19'),
(73, '1503062193.jpg', 149, 300, 300, '2017-08-18 20:16:40', '2017-08-18 20:16:40'),
(74, '1503062639.png', 150, 300, 300, '2017-08-18 20:24:06', '2017-08-18 20:24:06'),
(75, '1503062887.jpg', 151, 300, 300, '2017-08-18 20:28:14', '2017-08-18 20:28:14'),
(76, '1503063310.png', 152, 300, 300, '2017-08-18 20:35:17', '2017-08-18 20:35:17'),
(77, '1503064310.jpg', 153, 300, 300, '2017-08-18 20:51:58', '2017-08-18 20:51:58'),
(78, '1503064341.png', 154, 300, 300, '2017-08-18 20:52:29', '2017-08-18 20:52:29'),
(79, '1503064378.png', 155, 300, 300, '2017-08-18 20:53:05', '2017-08-18 20:53:05'),
(80, '1503064387.png', 156, 300, 300, '2017-08-18 20:53:16', '2017-08-18 20:53:16'),
(81, '1503068664.png', 157, 300, 300, '2017-08-18 22:04:35', '2017-08-18 22:04:35'),
(82, '1503068774.png', 158, 300, 300, '2017-08-18 22:06:22', '2017-08-18 22:06:22'),
(83, '1503068994.png', 159, 300, 300, '2017-08-18 22:10:03', '2017-08-18 22:10:03'),
(84, '1503069240.png', 160, 300, 300, '2017-08-18 22:14:09', '2017-08-18 22:14:09'),
(85, '1503069359.png', 161, 300, 300, '2017-08-18 22:16:10', '2017-08-18 22:16:10'),
(86, '1503069815.png', 162, 300, 300, '2017-08-18 22:23:45', '2017-08-18 22:23:45'),
(87, '1503072069.png', 163, 300, 300, '2017-08-18 23:01:17', '2017-08-18 23:01:17'),
(88, '1503072276.png', 164, 300, 300, '2017-08-18 23:04:46', '2017-08-18 23:04:46'),
(89, '1503073958.png', 165, 300, 300, '2017-08-18 23:32:46', '2017-08-18 23:32:46'),
(90, '1503074678.jpg', 166, 300, 300, '2017-08-18 23:44:46', '2017-08-18 23:44:46'),
(91, '1503074784.png', 167, 300, 300, '2017-08-18 23:46:35', '2017-08-18 23:46:35'),
(92, '1503075118.png', 168, 300, 300, '2017-08-18 23:52:07', '2017-08-18 23:52:07'),
(94, '1503125771.jpg', 170, 300, 300, '2017-08-19 13:56:20', '2017-08-19 13:56:20'),
(95, '1503222724.png', 171, 300, 300, '2017-08-20 16:52:18', '2017-08-20 16:52:18'),
(96, '1503536133.jpg', 172, 300, 300, '2017-08-24 07:55:46', '2017-08-24 07:55:46'),
(97, '1503974605.jpg', 173, 300, 300, '2017-08-29 09:44:03', '2017-08-29 09:44:03'),
(98, '1504007462.jpg', 174, 300, 300, '2017-08-29 18:51:26', '2017-08-29 18:51:26'),
(99, '1504805330.png', 175, 300, 300, '2017-09-08 00:29:45', '2017-09-08 00:29:45');

-- --------------------------------------------------------

--
-- Table structure for table `mc_conversations`
--

CREATE TABLE `mc_conversations` (
  `id` int(10) UNSIGNED NOT NULL,
  `private` tinyint(1) NOT NULL DEFAULT '1',
  `data` text COLLATE utf8mb4_unicode_ci,
  `created_at` timestamp NULL DEFAULT NULL,
  `updated_at` timestamp NULL DEFAULT NULL
) ENGINE=InnoDB DEFAULT CHARSET=utf8mb4 COLLATE=utf8mb4_unicode_ci;

-- --------------------------------------------------------

--
-- Table structure for table `mc_conversation_user`
--

CREATE TABLE `mc_conversation_user` (
  `user_id` int(10) UNSIGNED NOT NULL,
  `conversation_id` int(10) UNSIGNED NOT NULL,
  `created_at` timestamp NULL DEFAULT NULL,
  `updated_at` timestamp NULL DEFAULT NULL
) ENGINE=InnoDB DEFAULT CHARSET=utf8mb4 COLLATE=utf8mb4_unicode_ci;

-- --------------------------------------------------------

--
-- Table structure for table `mc_messages`
--

CREATE TABLE `mc_messages` (
  `id` int(10) UNSIGNED NOT NULL,
  `body` text COLLATE utf8mb4_unicode_ci NOT NULL,
  `conversation_id` int(10) UNSIGNED NOT NULL,
  `user_id` int(10) UNSIGNED NOT NULL,
  `type` varchar(255) COLLATE utf8mb4_unicode_ci NOT NULL DEFAULT 'text',
  `created_at` timestamp NULL DEFAULT NULL,
  `updated_at` timestamp NULL DEFAULT NULL
) ENGINE=InnoDB DEFAULT CHARSET=utf8mb4 COLLATE=utf8mb4_unicode_ci;

-- --------------------------------------------------------

--
-- Table structure for table `migrations`
--

CREATE TABLE `migrations` (
  `id` int(10) UNSIGNED NOT NULL,
  `migration` varchar(255) COLLATE utf8mb4_unicode_ci NOT NULL,
  `batch` int(11) NOT NULL
) ENGINE=InnoDB DEFAULT CHARSET=utf8mb4 COLLATE=utf8mb4_unicode_ci;

--
-- Dumping data for table `migrations`
--

INSERT INTO `migrations` (`id`, `migration`, `batch`) VALUES
(1, '2014_10_12_000000_create_users_table', 1),
(2, '2014_10_12_100000_create_password_resets_table', 2),
(3, '2017_07_02_022653_creat_image_table', 3),
(4, '2017_07_24_200536_create_user_follow_table', 4),
(5, '2016_03_05_060939_create_conversations_table', 5),
(6, '2016_03_05_060940_create_messages_table', 5),
(7, '2016_03_05_061137_create_conversation_user_table', 5),
(8, '2017_07_12_034227_create_notifications_table', 6),
(9, '2017_07_28_081357_create_user_fav_folders_table', 6),
(10, '2017_07_28_081630_create_user_fav_images_tabel', 6);

-- --------------------------------------------------------

--
-- Table structure for table `notifications`
--

CREATE TABLE `notifications` (
  `id` char(36) COLLATE utf8mb4_unicode_ci NOT NULL,
  `type` varchar(255) COLLATE utf8mb4_unicode_ci NOT NULL,
  `notifiable_id` int(10) UNSIGNED NOT NULL,
  `notifiable_type` varchar(255) COLLATE utf8mb4_unicode_ci NOT NULL,
  `data` text COLLATE utf8mb4_unicode_ci NOT NULL,
  `read_at` timestamp NULL DEFAULT NULL,
  `created_at` timestamp NULL DEFAULT NULL,
  `updated_at` timestamp NULL DEFAULT NULL
) ENGINE=InnoDB DEFAULT CHARSET=utf8mb4 COLLATE=utf8mb4_unicode_ci;

-- --------------------------------------------------------

--
-- Table structure for table `password_resets`
--

CREATE TABLE `password_resets` (
  `email` varchar(255) COLLATE utf8mb4_unicode_ci NOT NULL,
  `token` varchar(255) COLLATE utf8mb4_unicode_ci NOT NULL,
  `created_at` timestamp NULL DEFAULT NULL
) ENGINE=InnoDB DEFAULT CHARSET=utf8mb4 COLLATE=utf8mb4_unicode_ci;

-- --------------------------------------------------------

--
-- Table structure for table `posts`
--

CREATE TABLE `posts` (
  `id` int(11) NOT NULL,
  `type` varchar(255) CHARACTER SET utf8 COLLATE utf8_unicode_ci DEFAULT NULL,
  `content` varchar(1000) DEFAULT NULL,
  `image_id` int(11) DEFAULT NULL,
  `author_id` int(11) NOT NULL,
  `created_at` timestamp NOT NULL DEFAULT CURRENT_TIMESTAMP ON UPDATE CURRENT_TIMESTAMP,
  `updated_at` timestamp NOT NULL DEFAULT '0000-00-00 00:00:00'
) ENGINE=InnoDB DEFAULT CHARSET=latin1;

--
-- Dumping data for table `posts`
--

INSERT INTO `posts` (`id`, `type`, `content`, `image_id`, `author_id`, `created_at`, `updated_at`) VALUES
(2, NULL, 'Wahaha! Taggo set his profile as Hook Captain??', NULL, 169, '2017-08-23 22:56:33', '2017-08-24 05:56:33');

-- --------------------------------------------------------

--
-- Table structure for table `reports`
--

CREATE TABLE `reports` (
  `id` int(11) NOT NULL,
  `image_id` int(11) NOT NULL,
  `category` varchar(300) NOT NULL,
  `content` varchar(1000) NOT NULL,
  `is_solved` int(11) NOT NULL DEFAULT '0',
  `created_at` timestamp NOT NULL DEFAULT CURRENT_TIMESTAMP ON UPDATE CURRENT_TIMESTAMP,
  `updated_at` timestamp NOT NULL DEFAULT '0000-00-00 00:00:00'
) ENGINE=InnoDB DEFAULT CHARSET=latin1;

--
-- Dumping data for table `reports`
--

INSERT INTO `reports` (`id`, `image_id`, `category`, `content`, `is_solved`, `created_at`, `updated_at`) VALUES
(1, 169, 'Adult Content', 'This is Nudity Content', 0, '2017-08-19 13:23:00', '2017-08-19 13:23:00'),
(2, 169, 'Offensive Theme', 'This is Offensive Content to me', 0, '2017-08-19 13:28:38', '2017-08-19 13:28:38'),
(3, 169, 'Incorrect Gallery/Category', 'Right now it is under Abstract/Fantasy. It should be Boats/Mountains', 0, '2017-08-19 13:28:48', '2017-08-19 13:28:48'),
(4, 171, 'Adult Content', 'This is Nudity Content', 0, '2017-08-20 16:53:17', '2017-08-20 16:53:17');

-- --------------------------------------------------------

--
-- Table structure for table `tags`
--

CREATE TABLE `tags` (
  `id` int(10) UNSIGNED NOT NULL,
  `name` varchar(255) NOT NULL,
  `created_at` timestamp NOT NULL DEFAULT CURRENT_TIMESTAMP ON UPDATE CURRENT_TIMESTAMP,
  `updated_at` timestamp NOT NULL DEFAULT '0000-00-00 00:00:00'
) ENGINE=InnoDB DEFAULT CHARSET=latin1;

--
-- Dumping data for table `tags`
--

INSERT INTO `tags` (`id`, `name`, `created_at`, `updated_at`) VALUES
(8, 'Electronics', '2017-07-06 19:45:44', '2017-07-06 19:45:44'),
(9, 'Iphone', '2017-07-06 19:45:44', '2017-07-06 19:45:44'),
(10, 'Mobile Phone', '2017-07-06 19:45:45', '2017-07-06 19:45:45'),
(11, 'Phone', '2017-07-06 19:45:45', '2017-07-06 19:45:45'),
(12, 'Club', '2017-07-06 21:43:29', '2017-07-06 21:43:29'),
(13, 'Night Club', '2017-07-06 21:43:29', '2017-07-06 21:43:29'),
(14, 'Night Life', '2017-07-06 21:43:29', '2017-07-06 21:43:29'),
(15, 'Umbrella', '2017-07-06 21:43:29', '2017-07-06 21:43:29'),
(16, 'People', '2017-07-06 23:34:12', '2017-07-06 23:34:12'),
(17, 'Person', '2017-07-06 23:34:12', '2017-07-06 23:34:12'),
(18, 'Human', '2017-07-06 23:34:12', '2017-07-06 23:34:12'),
(19, 'Inflatable', '2017-07-06 23:47:54', '2017-07-06 23:47:54'),
(20, 'Ancient Egypt', '2017-07-20 09:30:36', '2017-07-20 09:30:36'),
(21, 'Architecture', '2017-07-20 09:30:36', '2017-07-20 09:30:36'),
(22, 'Pyramid', '2017-07-20 09:30:36', '2017-07-20 09:30:36'),
(23, 'Triangle', '2017-07-20 09:30:36', '2017-07-20 09:30:36'),
(24, 'sadfds', '2017-08-10 01:54:03', '2017-08-10 01:54:03'),
(25, 'tea', '2017-08-10 01:54:03', '2017-08-10 01:54:03'),
(26, 'File', '2017-08-18 10:42:40', '2017-08-18 10:42:40'),
(27, 'Webpage', '2017-08-18 10:42:40', '2017-08-18 10:42:40'),
(28, 'Autograph', '2017-08-18 20:04:47', '2017-08-18 20:04:47'),
(29, 'Signature', '2017-08-18 20:04:47', '2017-08-18 20:04:47'),
(30, 'Logo', '2017-08-18 20:12:19', '2017-08-18 20:12:19'),
(31, 'Trademark', '2017-08-18 20:12:19', '2017-08-18 20:12:19'),
(32, 'Sea Life', '2017-08-18 23:46:35', '2017-08-18 23:46:35'),
(33, 'Ship', '2017-09-09 03:23:28', '2017-08-19 08:52:06'),
(34, 'Pirate', '2017-09-09 03:23:21', '2017-08-19 08:52:06'),
(35, 'Tubing', '2017-08-24 07:55:47', '2017-08-24 07:55:47'),
(36, 'Water', '2017-08-24 07:55:47', '2017-08-24 07:55:47'),
(37, 'Art', '2017-08-29 09:44:03', '2017-08-29 09:44:03'),
(38, 'Drawing', '2017-08-29 09:44:03', '2017-08-29 09:44:03'),
(39, 'Comics', '2017-08-29 09:44:03', '2017-08-29 09:44:03'),
(40, 'Manga', '2017-08-29 09:44:04', '2017-08-29 09:44:04'),
(41, 'Painting', '2017-08-29 18:51:26', '2017-08-29 18:51:26'),
(42, 'Sharp', '2017-09-09 03:22:54', '2017-09-08 00:31:53'),
(43, 'Beer', '2017-09-09 03:23:02', '2017-09-08 00:31:53'),
(44, 'City', '2017-09-09 03:23:11', '2017-09-08 00:31:53');

-- --------------------------------------------------------

--
-- Table structure for table `users`
--

CREATE TABLE `users` (
  `id` int(10) UNSIGNED NOT NULL,
  `firstname` varchar(255) COLLATE utf8mb4_unicode_ci NOT NULL,
  `lastname` varchar(255) COLLATE utf8mb4_unicode_ci NOT NULL,
  `username` varchar(255) COLLATE utf8mb4_unicode_ci DEFAULT NULL,
  `email` varchar(255) COLLATE utf8mb4_unicode_ci NOT NULL,
  `password` varchar(255) COLLATE utf8mb4_unicode_ci DEFAULT NULL,
  `role` varchar(255) COLLATE utf8mb4_unicode_ci NOT NULL DEFAULT 'user',
  `token` varchar(255) COLLATE utf8mb4_unicode_ci DEFAULT NULL,
  `verified` tinyint(1) NOT NULL DEFAULT '0',
  `remember_token` varchar(100) COLLATE utf8mb4_unicode_ci DEFAULT NULL,
  `created_at` timestamp NULL DEFAULT NULL,
  `updated_at` timestamp NULL DEFAULT NULL,
  `avatar` varchar(255) COLLATE utf8mb4_unicode_ci DEFAULT NULL,
  `cover_img` varchar(255) COLLATE utf8mb4_unicode_ci DEFAULT NULL,
  `uploads` int(11) NOT NULL DEFAULT '0',
  `exp` int(11) NOT NULL DEFAULT '0',
  `level` int(11) NOT NULL DEFAULT '1',
  `diamond` int(11) NOT NULL DEFAULT '0',
  `favourites` int(11) NOT NULL DEFAULT '0',
  `likes` int(11) NOT NULL DEFAULT '0',
  `facebook` varchar(150) COLLATE utf8mb4_unicode_ci DEFAULT NULL,
  `twitter` varchar(150) COLLATE utf8mb4_unicode_ci DEFAULT NULL,
  `google` int(150) DEFAULT NULL,
  `about` varchar(1000) COLLATE utf8mb4_unicode_ci DEFAULT NULL
) ENGINE=InnoDB DEFAULT CHARSET=utf8mb4 COLLATE=utf8mb4_unicode_ci;

--
-- Dumping data for table `users`
--

INSERT INTO `users` (`id`, `firstname`, `lastname`, `username`, `email`, `password`, `role`, `token`, `verified`, `remember_token`, `created_at`, `updated_at`, `avatar`, `cover_img`, `uploads`, `exp`, `level`, `diamond`, `favourites`, `likes`, `facebook`, `twitter`, `google`, `about`) VALUES
(169, 'Taggo', 'Kingdom', 'user', 'admin@la.fr', '$2y$10$DWM176qsNDBHQ.wkOEfbme88OuZaikljQ1VrQ1MbslnOuiKFmK.li', 'user', 'F5WyL4tfWDLfkXShcXP5AZy8C2UnJkqEslOL6Na8', 1, NULL, '2017-07-15 11:41:49', '2017-09-09 20:03:49', '1503238837.jpg', '1503238890.jpg', 0, 0, 1, 1110, 0, 0, NULL, NULL, NULL, 'Arihobv TTpbn dTewww'),
(170, 'Helium', 'Kingdom', 'admin', 'asdf@asd.fr', '$2y$10$f4xaGgFZS33wF.TenwtiFukR7p4q4dMCGEWVoUJLpTjzjLXuL4Rxy', 'user', 'edIgqUWLfGPGrrkNLMUT0DqdgRfDoJ9jVBR7N6bH', 1, NULL, '2017-07-15 11:47:31', '2017-08-27 04:46:44', '1503733645.jpg', '1503733668.jpg', 0, 0, 1, 90, 0, 0, '', '', 0, NULL),
(172, 'asdfasdf', 'asdfa;sdfj', 'asdfasdf', 'asdf@asdfas.asdf', '$2y$10$t5if2N4WPD6ikuvMR1tfJOQNuKyeTJaIAQZy36nauIkB3R7tkYwbu', 'user', 'VcZfpSSf5zQ1d9XjTzvHAoefjDZz1UigXumKalUr', 0, NULL, '2017-07-17 14:34:28', '2017-07-17 14:34:28', NULL, NULL, 0, 0, 1, 0, 0, 0, '', '', 0, NULL);

-- --------------------------------------------------------

--
-- Table structure for table `user_fav_folders`
--

CREATE TABLE `user_fav_folders` (
  `id` varchar(255) CHARACTER SET utf8 NOT NULL,
  `user_id` int(10) UNSIGNED NOT NULL,
  `text` varchar(255) COLLATE utf8mb4_unicode_ci NOT NULL,
  `parent` varbinary(255) DEFAULT NULL,
  `created_at` timestamp NULL DEFAULT NULL,
  `updated_at` timestamp NULL DEFAULT NULL
) ENGINE=InnoDB DEFAULT CHARSET=utf8mb4 COLLATE=utf8mb4_unicode_ci;

--
-- Dumping data for table `user_fav_folders`
--

INSERT INTO `user_fav_folders` (`id`, `user_id`, `text`, `parent`, `created_at`, `updated_at`) VALUES
('ajson4', 169, 'kjs', 0x616a736f6e32, '2017-07-31 15:38:43', '2017-07-31 15:38:43'),
('ajson2', 169, 'Nature', 0x616a736f6e31, '2017-07-31 15:38:43', '2017-07-31 15:38:43'),
('15', 169, 'New Folder', 0x616a736f6e34, '2017-07-31 18:35:33', '2017-07-31 18:35:33'),
('j1_1', 169, 'New Folder', 0x616a736f6e32, '2017-08-02 01:37:57', '2017-08-02 01:37:57');

-- --------------------------------------------------------

--
-- Table structure for table `user_fav_images`
--

CREATE TABLE `user_fav_images` (
  `id` int(10) UNSIGNED NOT NULL,
  `folder_id` varchar(255) COLLATE utf8mb4_unicode_ci DEFAULT NULL,
  `user_id` int(10) UNSIGNED NOT NULL,
  `image_id` int(11) NOT NULL,
  `created_at` timestamp NULL DEFAULT NULL,
  `updated_at` timestamp NULL DEFAULT NULL
) ENGINE=InnoDB DEFAULT CHARSET=utf8mb4 COLLATE=utf8mb4_unicode_ci;

--
-- Dumping data for table `user_fav_images`
--

INSERT INTO `user_fav_images` (`id`, `folder_id`, `user_id`, `image_id`, `created_at`, `updated_at`) VALUES
(1, '0', 0, 113, '2017-07-31 15:42:44', '2017-07-31 15:42:44'),
(2, 'ajson4', 0, 113, '2017-07-31 15:50:46', '2017-07-31 15:50:46'),
(4, '', 169, 172, '2017-08-24 07:56:11', '2017-08-24 07:56:11'),
(5, '', 169, 171, '2017-08-26 15:54:12', '2017-08-26 15:54:12');

-- --------------------------------------------------------

--
-- Table structure for table `user_follows`
--

CREATE TABLE `user_follows` (
  `id` int(10) UNSIGNED NOT NULL,
  `user_id` int(10) UNSIGNED NOT NULL,
  `follower_id` int(10) UNSIGNED NOT NULL,
  `created_at` timestamp NULL DEFAULT NULL,
  `updated_at` timestamp NULL DEFAULT NULL
) ENGINE=InnoDB DEFAULT CHARSET=utf8mb4 COLLATE=utf8mb4_unicode_ci;

--
-- Dumping data for table `user_follows`
--

INSERT INTO `user_follows` (`id`, `user_id`, `follower_id`, `created_at`, `updated_at`) VALUES
(1, 170, 169, '2017-07-25 03:33:32', '2017-07-25 03:33:32'),
(2, 170, 169, '2017-07-25 03:34:24', '2017-07-25 03:34:24');

-- --------------------------------------------------------

--
-- Table structure for table `user_ignore`
--

CREATE TABLE `user_ignore` (
  `id` int(11) NOT NULL,
  `user_id` int(11) NOT NULL,
  `banned_id` int(11) NOT NULL
) ENGINE=InnoDB DEFAULT CHARSET=latin1;

-- --------------------------------------------------------

--
-- Table structure for table `user_likes`
--

CREATE TABLE `user_likes` (
  `id` int(10) UNSIGNED NOT NULL,
  `user_id` int(10) UNSIGNED NOT NULL,
  `image_id` int(10) UNSIGNED NOT NULL,
  `created_at` timestamp NOT NULL DEFAULT CURRENT_TIMESTAMP ON UPDATE CURRENT_TIMESTAMP,
  `updated_at` timestamp NOT NULL DEFAULT '0000-00-00 00:00:00'
) ENGINE=InnoDB DEFAULT CHARSET=latin1;

--
-- Dumping data for table `user_likes`
--

INSERT INTO `user_likes` (`id`, `user_id`, `image_id`, `created_at`, `updated_at`) VALUES
(1, 169, 110, '2017-07-22 01:19:05', '2017-07-22 01:19:05'),
(2, 169, 110, '2017-07-22 01:19:13', '2017-07-22 01:19:13'),
(3, 169, 110, '2017-07-22 01:19:14', '2017-07-22 01:19:14'),
(4, 169, 110, '2017-07-22 01:19:15', '2017-07-22 01:19:15'),
(5, 169, 110, '2017-07-22 01:19:16', '2017-07-22 01:19:16'),
(6, 169, 110, '2017-07-22 01:19:17', '2017-07-22 01:19:17'),
(7, 169, 110, '2017-07-22 01:19:17', '2017-07-22 01:19:17'),
(8, 169, 110, '2017-07-22 01:19:18', '2017-07-22 01:19:18'),
(9, 169, 110, '2017-07-22 01:19:18', '2017-07-22 01:19:18'),
(10, 169, 110, '2017-07-22 01:19:19', '2017-07-22 01:19:19'),
(11, 169, 110, '2017-07-22 01:19:19', '2017-07-22 01:19:19'),
(12, 169, 110, '2017-07-22 01:19:20', '2017-07-22 01:19:20'),
(13, 170, 110, '2017-07-26 13:21:25', '2017-07-26 13:21:25'),
(14, 170, 110, '2017-07-26 13:23:06', '2017-07-26 13:23:06'),
(15, 170, 113, '2017-07-26 13:48:09', '2017-07-26 13:48:09'),
(16, 169, 113, '2017-07-28 19:15:27', '2017-07-28 19:15:27'),
(17, 169, 113, '2017-07-28 19:23:31', '2017-07-28 19:23:31'),
(18, 169, 113, '2017-07-28 19:44:03', '2017-07-28 19:44:03'),
(19, 169, 113, '2017-07-28 20:02:05', '2017-07-28 20:02:05'),
(20, 169, 113, '2017-07-28 20:31:10', '2017-07-28 20:31:10'),
(21, 169, 113, '2017-07-29 02:53:32', '2017-07-29 02:53:32'),
(22, 169, 113, '2017-07-31 09:11:08', '2017-07-31 09:11:08'),
(23, 169, 113, '2017-07-31 09:16:01', '2017-07-31 09:16:01'),
(24, 169, 113, '2017-07-31 09:16:19', '2017-07-31 09:16:19'),
(25, 169, 113, '2017-07-31 09:16:29', '2017-07-31 09:16:29'),
(26, 169, 113, '2017-07-31 09:16:32', '2017-07-31 09:16:32'),
(27, 169, 113, '2017-07-31 09:16:34', '2017-07-31 09:16:34'),
(28, 169, 113, '2017-07-31 09:16:34', '2017-07-31 09:16:34'),
(29, 169, 113, '2017-07-31 09:16:35', '2017-07-31 09:16:35'),
(30, 169, 113, '2017-07-31 09:16:35', '2017-07-31 09:16:35'),
(31, 169, 113, '2017-07-31 09:16:36', '2017-07-31 09:16:36'),
(32, 169, 113, '2017-07-31 09:16:36', '2017-07-31 09:16:36'),
(34, 169, 118, '2017-08-15 20:22:03', '2017-08-15 20:22:03'),
(35, 169, 119, '2017-08-17 16:31:26', '2017-08-17 16:31:26'),
(36, 169, 120, '2017-08-18 05:48:02', '2017-08-18 05:48:02'),
(62, 169, 116, '2017-08-18 08:10:18', '2017-08-18 08:10:18'),
(71, 169, 168, '2017-08-19 02:25:22', '2017-08-19 02:25:22'),
(73, 169, 172, '2017-08-24 07:55:57', '2017-08-24 07:55:57'),
(75, 169, 171, '2017-08-26 15:56:43', '2017-08-26 15:56:43');

-- --------------------------------------------------------

--
-- Table structure for table `user_oauth_tokens`
--

CREATE TABLE `user_oauth_tokens` (
  `id` int(10) UNSIGNED NOT NULL,
  `user_id` int(10) UNSIGNED DEFAULT NULL,
  `driver` varchar(255) DEFAULT NULL,
  `token` varchar(255) DEFAULT NULL,
  `created_at` timestamp NOT NULL DEFAULT CURRENT_TIMESTAMP ON UPDATE CURRENT_TIMESTAMP,
  `updated_at` timestamp NOT NULL DEFAULT '0000-00-00 00:00:00'
) ENGINE=InnoDB DEFAULT CHARSET=latin1;

--
-- Dumping data for table `user_oauth_tokens`
--

INSERT INTO `user_oauth_tokens` (`id`, `user_id`, `driver`, `token`, `created_at`, `updated_at`) VALUES
(18, 168, 'google.com', 'ya29.GlyIBElAo_wAw-enZs_eXNLSNUYm29Ave1_k4kC_f0WG3uCiESB-vqsyPkEG2oVzTUkRs-SaXxltROtUD-_jMVWLHxL_rVAHkagumRZpbaC9eTPT0r2bKhabkhoxnA', '2017-07-15 11:36:00', '2017-07-15 11:36:00'),
(20, 170, 'twitter.com', '877971712104701957-mmzwTqogsZpyvMioUNf5TZzV6ebVvQP', '2017-07-15 11:47:31', '2017-07-15 11:47:31'),
(21, 171, 'google.com', 'ya29.GlyKBHpTyCaKfQRov-5CceKBjIdl9_F_rRZcUVJIs96PFM-BJVsdMPNQigq6EDvQQRf1kDhv9SACIlMPiVRQ1H6x0DM64n4MUxAKz7wPH9xrd_h03Vxu83RO2ehhYg', '2017-07-17 14:17:30', '2017-07-17 14:17:30');

--
-- Indexes for dumped tables
--

--
-- Indexes for table `galleries`
--
ALTER TABLE `galleries`
  ADD PRIMARY KEY (`id`);

--
-- Indexes for table `gallery_groups`
--
ALTER TABLE `gallery_groups`
  ADD PRIMARY KEY (`id`),
  ADD KEY `gallery_groups_gallery_id_foreign` (`gallery_id`),
  ADD KEY `gallery_groups_group_id_foreign` (`group_id`);

--
-- Indexes for table `groups`
--
ALTER TABLE `groups`
  ADD PRIMARY KEY (`id`);

--
-- Indexes for table `group_follows`
--
ALTER TABLE `group_follows`
  ADD PRIMARY KEY (`id`),
  ADD KEY `group_follows_group_id_foreign` (`group_id`),
  ADD KEY `group_follows_follower_id_foreign` (`follower_id`);

--
-- Indexes for table `group_image`
--
ALTER TABLE `group_image`
  ADD PRIMARY KEY (`id`);

--
-- Indexes for table `images`
--
ALTER TABLE `images`
  ADD PRIMARY KEY (`id`);

--
-- Indexes for table `image_comments`
--
ALTER TABLE `image_comments`
  ADD PRIMARY KEY (`id`);

--
-- Indexes for table `image_tags`
--
ALTER TABLE `image_tags`
  ADD PRIMARY KEY (`id`);

--
-- Indexes for table `image_thumbnails`
--
ALTER TABLE `image_thumbnails`
  ADD PRIMARY KEY (`id`);

--
-- Indexes for table `mc_conversations`
--
ALTER TABLE `mc_conversations`
  ADD PRIMARY KEY (`id`);

--
-- Indexes for table `mc_conversation_user`
--
ALTER TABLE `mc_conversation_user`
  ADD PRIMARY KEY (`user_id`,`conversation_id`),
  ADD KEY `mc_conversation_user_conversation_id_foreign` (`conversation_id`);

--
-- Indexes for table `mc_messages`
--
ALTER TABLE `mc_messages`
  ADD PRIMARY KEY (`id`),
  ADD KEY `mc_messages_user_id_foreign` (`user_id`),
  ADD KEY `mc_messages_conversation_id_foreign` (`conversation_id`);

--
-- Indexes for table `migrations`
--
ALTER TABLE `migrations`
  ADD PRIMARY KEY (`id`);

--
-- Indexes for table `posts`
--
ALTER TABLE `posts`
  ADD PRIMARY KEY (`id`);

--
-- Indexes for table `reports`
--
ALTER TABLE `reports`
  ADD PRIMARY KEY (`id`);

--
-- Indexes for table `tags`
--
ALTER TABLE `tags`
  ADD PRIMARY KEY (`id`);

--
-- Indexes for table `users`
--
ALTER TABLE `users`
  ADD PRIMARY KEY (`id`);

--
-- Indexes for table `user_fav_images`
--
ALTER TABLE `user_fav_images`
  ADD PRIMARY KEY (`id`);

--
-- Indexes for table `user_follows`
--
ALTER TABLE `user_follows`
  ADD PRIMARY KEY (`id`);

--
-- Indexes for table `user_ignore`
--
ALTER TABLE `user_ignore`
  ADD PRIMARY KEY (`id`);

--
-- Indexes for table `user_likes`
--
ALTER TABLE `user_likes`
  ADD PRIMARY KEY (`id`);

--
-- Indexes for table `user_oauth_tokens`
--
ALTER TABLE `user_oauth_tokens`
  ADD PRIMARY KEY (`id`);

--
-- AUTO_INCREMENT for dumped tables
--

--
-- AUTO_INCREMENT for table `galleries`
--
ALTER TABLE `galleries`
  MODIFY `id` int(10) UNSIGNED NOT NULL AUTO_INCREMENT, AUTO_INCREMENT=16;
--
-- AUTO_INCREMENT for table `gallery_groups`
--
ALTER TABLE `gallery_groups`
  MODIFY `id` int(10) UNSIGNED NOT NULL AUTO_INCREMENT, AUTO_INCREMENT=41;
--
-- AUTO_INCREMENT for table `groups`
--
ALTER TABLE `groups`
  MODIFY `id` int(10) UNSIGNED NOT NULL AUTO_INCREMENT, AUTO_INCREMENT=11;
--
-- AUTO_INCREMENT for table `group_follows`
--
ALTER TABLE `group_follows`
  MODIFY `id` int(10) UNSIGNED NOT NULL AUTO_INCREMENT, AUTO_INCREMENT=7;
--
-- AUTO_INCREMENT for table `group_image`
--
ALTER TABLE `group_image`
  MODIFY `id` int(10) UNSIGNED NOT NULL AUTO_INCREMENT, AUTO_INCREMENT=6;
--
-- AUTO_INCREMENT for table `images`
--
ALTER TABLE `images`
  MODIFY `id` int(10) UNSIGNED NOT NULL AUTO_INCREMENT, AUTO_INCREMENT=176;
--
-- AUTO_INCREMENT for table `image_comments`
--
ALTER TABLE `image_comments`
  MODIFY `id` int(10) UNSIGNED NOT NULL AUTO_INCREMENT, AUTO_INCREMENT=37;
--
-- AUTO_INCREMENT for table `image_tags`
--
ALTER TABLE `image_tags`
  MODIFY `id` int(10) UNSIGNED NOT NULL AUTO_INCREMENT, AUTO_INCREMENT=177;
--
-- AUTO_INCREMENT for table `image_thumbnails`
--
ALTER TABLE `image_thumbnails`
  MODIFY `id` int(10) UNSIGNED NOT NULL AUTO_INCREMENT, AUTO_INCREMENT=100;
--
-- AUTO_INCREMENT for table `mc_conversations`
--
ALTER TABLE `mc_conversations`
  MODIFY `id` int(10) UNSIGNED NOT NULL AUTO_INCREMENT;
--
-- AUTO_INCREMENT for table `mc_messages`
--
ALTER TABLE `mc_messages`
  MODIFY `id` int(10) UNSIGNED NOT NULL AUTO_INCREMENT;
--
-- AUTO_INCREMENT for table `migrations`
--
ALTER TABLE `migrations`
  MODIFY `id` int(10) UNSIGNED NOT NULL AUTO_INCREMENT, AUTO_INCREMENT=11;
--
-- AUTO_INCREMENT for table `posts`
--
ALTER TABLE `posts`
  MODIFY `id` int(11) NOT NULL AUTO_INCREMENT, AUTO_INCREMENT=3;
--
-- AUTO_INCREMENT for table `reports`
--
ALTER TABLE `reports`
  MODIFY `id` int(11) NOT NULL AUTO_INCREMENT, AUTO_INCREMENT=5;
--
-- AUTO_INCREMENT for table `tags`
--
ALTER TABLE `tags`
  MODIFY `id` int(10) UNSIGNED NOT NULL AUTO_INCREMENT, AUTO_INCREMENT=45;
--
-- AUTO_INCREMENT for table `users`
--
ALTER TABLE `users`
  MODIFY `id` int(10) UNSIGNED NOT NULL AUTO_INCREMENT, AUTO_INCREMENT=173;
--
-- AUTO_INCREMENT for table `user_fav_images`
--
ALTER TABLE `user_fav_images`
  MODIFY `id` int(10) UNSIGNED NOT NULL AUTO_INCREMENT, AUTO_INCREMENT=6;
--
-- AUTO_INCREMENT for table `user_follows`
--
ALTER TABLE `user_follows`
  MODIFY `id` int(10) UNSIGNED NOT NULL AUTO_INCREMENT, AUTO_INCREMENT=3;
--
-- AUTO_INCREMENT for table `user_ignore`
--
ALTER TABLE `user_ignore`
  MODIFY `id` int(11) NOT NULL AUTO_INCREMENT;
--
-- AUTO_INCREMENT for table `user_likes`
--
ALTER TABLE `user_likes`
  MODIFY `id` int(10) UNSIGNED NOT NULL AUTO_INCREMENT, AUTO_INCREMENT=76;
--
-- AUTO_INCREMENT for table `user_oauth_tokens`
--
ALTER TABLE `user_oauth_tokens`
  MODIFY `id` int(10) UNSIGNED NOT NULL AUTO_INCREMENT, AUTO_INCREMENT=22;
--
-- Constraints for dumped tables
--

--
-- Constraints for table `gallery_groups`
--
ALTER TABLE `gallery_groups`
  ADD CONSTRAINT `gallery_groups_gallery_id_foreign` FOREIGN KEY (`gallery_id`) REFERENCES `galleries` (`id`) ON DELETE CASCADE,
  ADD CONSTRAINT `gallery_groups_group_id_foreign` FOREIGN KEY (`group_id`) REFERENCES `groups` (`id`) ON DELETE CASCADE;

--
-- Constraints for table `group_follows`
--
ALTER TABLE `group_follows`
  ADD CONSTRAINT `group_follows_follower_id_foreign` FOREIGN KEY (`follower_id`) REFERENCES `users` (`id`) ON DELETE CASCADE,
  ADD CONSTRAINT `group_follows_group_id_foreign` FOREIGN KEY (`group_id`) REFERENCES `groups` (`id`) ON DELETE CASCADE;

--
-- Constraints for table `mc_conversation_user`
--
ALTER TABLE `mc_conversation_user`
  ADD CONSTRAINT `mc_conversation_user_conversation_id_foreign` FOREIGN KEY (`conversation_id`) REFERENCES `mc_conversations` (`id`) ON DELETE CASCADE,
  ADD CONSTRAINT `mc_conversation_user_user_id_foreign` FOREIGN KEY (`user_id`) REFERENCES `users` (`id`) ON DELETE CASCADE;

--
-- Constraints for table `mc_messages`
--
ALTER TABLE `mc_messages`
  ADD CONSTRAINT `mc_messages_conversation_id_foreign` FOREIGN KEY (`conversation_id`) REFERENCES `mc_conversations` (`id`),
  ADD CONSTRAINT `mc_messages_user_id_foreign` FOREIGN KEY (`user_id`) REFERENCES `users` (`id`);

/*!40101 SET CHARACTER_SET_CLIENT=@OLD_CHARACTER_SET_CLIENT */;
/*!40101 SET CHARACTER_SET_RESULTS=@OLD_CHARACTER_SET_RESULTS */;
/*!40101 SET COLLATION_CONNECTION=@OLD_COLLATION_CONNECTION */;
